Name,Rarity
Gift1,Common
Gift2,Common
Gift3,Common
Gift4,Common
Gift5,Common
Gift6,Common
Gift7,Common
Gift8,Common
Gift9,Common
Gift10,Common
Gift11,Common
Gift12,Common
Gift13,Common
Gift14,Common
Gift15,Common
Gift16,Common
Gift17,Common
Gift18,Common
Gift19,Common
Gift20,Common
Gift21,Common
Gift22,Common
Gift23,Common
Gift24,Common
Gift25,Common
Gift26,Common
Gift27,Common
Gift28,Common
Gift29,Common
Gift30,Common
Gift31,Common
Gift32,Common
Gift33,Common
Gift34,Common
Gift35,Common
Gift36,Common
Gift37,Common
Gift38,Common
Gift39,Common
Gift40,Common
Gift41,Common
Gift42,Common
Gift43,Common
Gift44,Common
Gift45,Common
Gift46,Common
Gift47,Common
Gift48,Common
Gift49,Common
Gift50,Common
Gift51,Common
Gift52,Common
Gift53,Common
Gift54,Common
Gift55,Common
Gift56,Common
Gift57,Common
Gift58,Common
Gift59,Common
Gift60,Common
Gift61,Common
Gift62,Common
Gift63,Common
Gift64,Common
Gift65,Common
Gift66,Common
Gift67,Common
Gift68,Common
Gift69,Common
Gift70,Common
Gift71,Common
Gift72,Common
Gift73,Common
Gift74,Common
Gift75,Common
Gift76,Common
Gift77,Common
Gift78,Common
Gift79,Common
Gift80,Common
Gift81,Common
Gift82,Common
Gift83,Common
Gift84,Common
Gift85,Uncommon
Gift86,Uncommon
Gift87,Uncommon
Gift88,Uncommon
Gift89,Uncommon
Gift90,Uncommon
Gift91,Uncommon
Gift92,Uncommon
Gift93,Uncommon
Gift94,Uncommon
Gift95,Uncommon
Gift96,Uncommon
Gift97,Uncommon
Gift98,Uncommon
Gift99,Uncommon
Gift100,Uncommon
Gift101,Uncommon
Gift102,Uncommon
Gift103,Uncommon
Gift104,Uncommon
Gift105,Uncommon
Gift106,Uncommon
Gift107,Uncommon
Gift108,Uncommon
Gift109,Uncommon
Gift110,Uncommon
Gift111,Uncommon
Gift112,Uncommon
Gift113,Uncommon
Gift114,Uncommon
Gift115,Uncommon
Gift116,Uncommon
Gift117,Uncommon
Gift118,Uncommon
Gift119,Uncommon
Gift120,Uncommon
Gift121,Uncommon
Gift122,Uncommon
Gift123,Uncommon
Gift124,Uncommon
Gift125,Uncommon
Gift126,Uncommon
Gift127,Uncommon
Gift128,Uncommon
Gift129,Uncommon
Gift130,Uncommon
Gift131,Uncommon
Gift132,Uncommon
Gift133,Uncommon
Gift134,Uncommon
Gift135,Uncommon
Gift136,Uncommon
Gift137,Uncommon
Gift138,Uncommon
Gift139,Uncommon
Gift140,Uncommon
Gift141,Uncommon
Gift142,Uncommon
Gift143,Uncommon
Gift144,Uncommon
Gift145,Uncommon
Gift146,Uncommon
Gift147,Uncommon
Gift148,Uncommon
Gift149,Uncommon
Gift150,Uncommon
Gift151,Uncommon
Gift152,Uncommon
Gift153,Uncommon
Gift154,Uncommon
Gift155,Uncommon
Gift156,Uncommon
Gift157,Uncommon
Gift158,Uncommon
Gift159,Uncommon
Gift160,Uncommon
Gift161,Uncommon
Gift162,Uncommon
Gift163,Uncommon
Gift164,Uncommon
Gift165,Uncommon
Gift166,Uncommon
Gift167,Uncommon
Gift168,Uncommon
Gift169,Uncommon
Gift170,Uncommon
Gift171,Uncommon
Gift172,Uncommon
Gift173,Uncommon
Gift174,Rare
Gift175,Rare
Gift176,Rare
Gift177,Rare
Gift178,Rare
Gift179,Rare
Gift180,Rare
Gift181,Rare
Gift182,Rare
Gift183,Rare
Gift184,Rare
Gift185,Rare
Gift186,Rare
Gift187,Rare
Gift188,Rare
Gift189,Rare
Gift190,Rare
Gift191,Rare
Gift192,Rare
Gift193,Rare
Gift194,Rare
Gift195,Rare
Gift196,Rare
Gift197,Rare
Gift198,Rare
Gift199,Rare
Gift200,Rare
Gift201,Rare
Gift202,Rare
Gift203,Rare
Gift204,Rare
Gift205,Rare
Gift206,Rare
Gift207,Rare
Gift208,Rare
Gift209,Rare
Gift210,Rare
Gift211,Rare
Gift212,Rare
Gift213,Rare
Gift214,Rare
Gift215,Rare
Gift216,Rare
Gift217,Rare
Gift218,Rare
Gift219,Rare
Gift220,Rare
Gift221,Rare
Gift222,Rare
Gift223,Mythic
Gift224,Mythic
Gift225,Mythic
Gift226,Mythic
Gift227,Mythic
Gift228,Mythic
Gift229,Mythic
Gift230,Mythic
Gift231,Mythic
Gift232,Mythic
Gift233,Mythic
Gift234,Mythic
Gift235,Mythic
Gift236,Mythic
Gift237,Mythic
Gift238,Mythic
Gift239,Mythic
Gift240,Mythic
Gift241,Mythic
Gift242,Mythic
Gift243,Mythic
Gift244,Mythic
Gift245,Mythic
Gift246,Mythic